{
    "image_width": 640,
    "image_height": 480,
    "camera_matrix": {
        "fx": 667.0274531407699,
        "fy": 666.2159168525693,
        "cx": 350.7072823663606,
        "cy": 241.55433318220076,
        "skew": 0.0,
        "K": [
            [
                667.0274531407699,
                0.0,
                350.7072823663606
            ],
            [
                0.0,
                666.2159168525693,
                241.55433318220076
            ],
            [
                0.0,
                0.0,
                1.0
            ]
        ]
    },
    "distortion": {
        "model": "radtan",
        "coeffs": [
            0.11669807813779212,
            -0.19891969340102283,
            -0.004814201281692256,
            0.003352007425901305,
            0.6570975219625665
        ]
    },
    "transforms_applied": {
        "rotate_deg": 0,
        "hflip": false,
        "vflip": false
    }
}